
{
    "region" : "ca-central-1",
    "configuration" : "Debug",
    "framework"     : "netcoreapp3.1",
    "self-contained" : false,
    "application"    : "EliteWebAPI",
    "environment"    : "EliteWebAPI-dev",
    "enable-xray"    : false,
    "enhanced-health-type" : "basic",
    "additional-options"   : "\"aws:autoscaling:launchconfiguration,SecurityGroups\"=\"sg-07dbd134947ac4dfc\";\"aws:ec2:vpc,Subnets\"=\"subnet-01af3dbd61bf62d95\";\"aws:ec2:vpc,ELBSubnets\"=\"subnet-01af3dbd61bf62d95\";\"aws:ec2:vpc,ELBScheme\"=\"public\"",
    "solution-stack"       : "64bit Amazon Linux 2 v2.1.0 running .NET Core",
    "environment-type"     : "LoadBalanced",
    "loadbalancer-type"    : "application",
    "cname"                : "elite-insurance-api",
    "instance-type"        : "t2.micro",
    "key-pair"             : "elite-api-key-pair",
    "health-check-url"     : "/",
    "instance-profile"     : "aws-elasticbeanstalk-ec2-role",
    "service-role"         : "aws-elasticbeanstalk-service-role",
    "proxy-server"         : "nginx"
}